CREATE SCHEMA IF NOT EXISTS la_planner CHARSET utf8;

DROP TABLE IF EXISTS la_planner.version;
CREATE TABLE la_planner.version (
    field VARCHAR(255) PRIMARY KEY,
    field_val TEXT,
    created_at TIMESTAMP DEFAULT CURRENT_TIMESTAMP
);
INSERT INTO la_planner.version (field, field_val)
    VALUES ('number', '0.14.2'),
           ('date', '2025-05-03'),
           ('supportsEditing', FALSE),
           ('supportsFavorites', FALSE);

-- Drop dependent tables first
-- else foreign key relationships prevent dropping less dependent tables
DROP TABLE IF EXISTS la_planner.exercises_disciplines;
DROP TABLE IF EXISTS la_planner.favorite_disciplines;
DROP TABLE IF EXISTS la_planner.favorite_exercises;
DROP TABLE IF EXISTS la_planner.favorite_headers;

-------------------------------------------------
DROP TABLE IF EXISTS la_planner.disciplines;
CREATE TABLE la_planner.disciplines (
    id CHAR(30) PRIMARY KEY,
    name VARCHAR(255) NOT NULL,
    image TEXT,
    created_at TIMESTAMP DEFAULT CURRENT_TIMESTAMP
);

INSERT INTO la_planner.disciplines (id, name, image) VALUES
  ('Ausdauer', 'Ausdauer', ''),
  ('Hochsprung', 'Hochsprung', 'assets/Hochsprung.png'),
  ('HochsprungOhneAnlage', 'Hochsprung ohne Anlage', 'assets/Hochsprung.png'),
  ('Koordination', 'Koordination', 'assets/Koordination.png'),
  ('Schnelligkeit', 'Schnelligkeit', 'assets/Lauf.png'),
  ('Schnelllaufen', 'Schnelllaufen', 'assets/Lauf.png'),
  ('Stabweitsprung', 'Stabweitsprung', 'assets/Weitsprung.png'),
  ('Staffellauf', 'Staffellauf', 'assets/Lauf.png'),
  ('Überlaufen', 'Überlaufen', 'assets/Huerdenlauf.png'),
  ('WeitsprungMitGrube', 'Weitsprung mit Grube', 'assets/Weitsprung.png'),
  ('WeitsprungOhneGrube', 'Weitsprung ohne Grube', 'assets/Weitsprung.png'),
  ('Wurf', 'Wurf', 'assets/Wurf.png');

-------------------------------------------------
DROP TABLE IF EXISTS la_planner.exercises;
CREATE TABLE la_planner.exercises (
    id CHAR(40) PRIMARY KEY,
    name VARCHAR(255) NOT NULL,
    warmup BOOLEAN DEFAULT FALSE,
    runabc BOOLEAN DEFAULT FALSE,
    mainex BOOLEAN DEFAULT FALSE,
    ending BOOLEAN DEFAULT FALSE,
    material TEXT,
    durationmin TINYINT DEFAULT 05,
    durationmax TINYINT DEFAULT 15,
    repeats TEXT,
    details TEXT,
    created_at TIMESTAMP DEFAULT CURRENT_TIMESTAMP);

INSERT INTO la_planner.exercises
  (id, name, warmup, runabc, mainex, ending, material, durationmin, durationmax, repeats, details) VALUES
  ('AchterInKurvenLaufen', '8er in Kurven laufen', FALSE, FALSE, TRUE, FALSE, 'Hütchen', 10, 10, '', '5 Sprünge hoch auf Sitzsteine'),
  ('AnhängerAbhängerStaffel', 'Anhänger - Abhänger Staffel', TRUE, FALSE, FALSE, TRUE, 'Seile', 10, 15, '1 mal', ''),
  ('AnhängerAbhängerStaffelHürde', 'Anhänger - Abhängerstaffel', TRUE, FALSE, FALSE, TRUE, 'Hürden, Hütchen, Seile', 10, 15, '2-3 Runden', ''),
  ('Autofahren', 'Autofahren mit Gängen', TRUE, FALSE, TRUE, FALSE,'Hütchen', 10, 15, '2-3 Runden', 'Selbst mitlaufen'),
  ('BällePrellen', 'Bälle prellen', TRUE, FALSE, FALSE, FALSE,'Bälle', 5, 10, '2-3 Runden', ''),
  ('BällePrellenRennen', 'Mit Bällen prellen und rennen', TRUE, FALSE, FALSE, FALSE,'Bälle', 5, 10, '2-3 Runden', ''),
  ('BallInReifenDopsen', 'Ball in Reifen dopsen lassen', FALSE, FALSE, TRUE, FALSE,'Bälle, Reifen', 10, 15, '', 'Zwei Kinder stehen sich immer gegenüber. Immer wenn ein Ball daneben geht machen beide Kinder 3 Liegestützen'),
  ('BandKnotenHochspringen', 'Band schräg knoten und hochspringen lassen', FALSE, FALSE, TRUE, FALSE,'Band', 10, 15, '', ''),
  ('BandSchrägHochspringen', 'Band schräg nach unten und hochspringen in Kurve', FALSE, FALSE, TRUE, FALSE,'Band, Hütchen (?)', 10, 15, '', ''),
  ('BeidbeinigeHürdensprünge', 'Beidbeinige Hürdensprünge', FALSE, FALSE, TRUE, FALSE,'Hohe Hürden', 10, 10, '', 'Die wartenden Kinder machen Standwagen'),
  ('BeiWortRennen', 'Geschichte und immer bei Wörtern wird gerannt', FALSE, FALSE, TRUE, FALSE,'Hütchen', 10, 10, '', ''),
  ('Biathlon', 'Biathlon', FALSE, FALSE, FALSE, TRUE, 'Bälle, Hütchen', 10, 15, '1 mal',''),
  ('Brennball', 'Brennball', FALSE, FALSE, FALSE, TRUE, 'Hütchen, Bälle', 10, 20, '1 mal', ''),
  ('BundesligaSprint', 'Bundesliga Sprint', FALSE, FALSE, TRUE, TRUE, '', 15, 15, '', ''),
  ('ChinesischeMauer', 'Chinesische Mauer', FALSE, FALSE, TRUE, FALSE,'Hütchen', 10, 10, '', ''),
  ('CrosslaufAufRasen', 'Crosslauf auf Rasen', TRUE, FALSE, FALSE, TRUE, 'Hürden, Hütchen', 10, 10, '2-3 Runden', ''),
  ('CrosslaufAufRasenIntervalle', 'Crosslauf auf Rasen mit Intervallbereichen', TRUE, FALSE, FALSE, TRUE, 'Hürden, Hütchen', 10, 10, '1 mal', ''),
  ('DerFuchsGehtUm', 'Der Fuchs geht um', FALSE, FALSE, TRUE, TRUE, '', 10, 10, '',''),
  ('Doppelbett', 'Doppelbett', FALSE, FALSE, TRUE, TRUE, '', 10, 10, '', ''),
  ('DurchReifenHüpfen', 'Durch Reifen hüpfen', FALSE, FALSE, TRUE, FALSE,'Reifen', 10, 10, '', ''),
  ('EinlaufenBällePrellen', 'Einlaufen und Ball prellen', TRUE, FALSE, FALSE, FALSE,'Bälle', 10, 10, '2-3 Runden', ''),
  ('EinlaufenMitSprungseil', 'Einlaufen mit Sprungseil', TRUE, FALSE, FALSE, FALSE,'Sprungseil', 10, 10, '2-3 Runden', ''),
  ('FCRunde', 'FC Runde', TRUE, FALSE, FALSE, TRUE, '', 10, 10, '', ''),
  ('FormenAblaufen', 'Formen ablaufen', TRUE, FALSE, FALSE, TRUE, 'Hütchen', 10, 15, 'je nach Rundengröße', ''),
  ('FormenAblaufenAufRasen', 'Formen ablaufen auf Rasen', TRUE, FALSE, FALSE, TRUE, 'Hütchen', 10, 15, '2-3 Runden', ''),
  ('GeradeNachHintenFallenLassen', 'Gerade nach hinten fallen lassen auf Matte ', FALSE, FALSE, TRUE, TRUE, '', 5, 5, '', ''),
  ('HabichtUndHenne', 'Habicht und Henne', FALSE, FALSE, TRUE, TRUE, '', 10, 10, '', ''),
  ('HochsprungAnAnlage', 'Hochsprung an Anlage mit Hütchen als Absperrung, ggf. im Schersprung', FALSE, FALSE, TRUE, FALSE,'Hütchen', 10, 10, '', '5 Sprünge hoch auf Sitzsteine'),
  ('Hunderunde', 'Hunderunde', TRUE, FALSE, FALSE, TRUE, '', 10, 10, '', ''),
  ('HüpfenderTausendfüßler', 'Der hüpfende Tausendfüßler', FALSE, FALSE, TRUE, FALSE,'Hütchen', 10, 10, '', ''),
  ('Hürdenbahn', 'Hürdenbahn', FALSE, FALSE, TRUE, FALSE,'Hürden, Medibälle', 10, 10, '', 'Die, die warten heben Medibälle vom Boden auf und strecken sie nach oben'),
  ('HürdenbahnEinfach', 'Hürdenbahn', FALSE, FALSE, TRUE, FALSE,'Hürden', 10, 15, '', ''),
  ('HürdenbahnMitSchwungbein', 'Hürdenbahn mit Schwungbeintraining / Training für Nachziehbein aufbauen', FALSE, FALSE, TRUE, FALSE,'Bananenkisten, bunte Bälle', 10, 15, '', ''),
  ('HürdenbahnMitStaffel', 'Hürdenbahn und Staffel', FALSE, FALSE, TRUE, FALSE,'Bloxx, Hürden', 10, 10, '',''),
  ('HürdenlaufenAnHand', 'Hürdenlaufen an der Hand', FALSE, FALSE, TRUE, FALSE,'Bananenkisten, Hütchen', 10, 10, '', 'Kinder laufen an der Hand über die Hürden'),
  ('HütchenAbwerfen', 'Abwerfen von Hütchen auf dem Boden', FALSE, FALSE, TRUE, FALSE,'Hütchen, Bälle', 15, 15, '', ''),
  ('Klammerlauf_01', 'Klammerlauf', TRUE, FALSE, FALSE, TRUE, 'Klammern', 10, 15, '1 mal', ''),
  ('Klammerlauf_02', 'Klammerlauf', TRUE, FALSE, FALSE, TRUE, 'Klammern', 10, 15, '2-3 Runden', 'Wir verteilen uns auf der Bahn, damit jeder mehr Klammern bekommt'),
  ('Klammerlauf_03', 'Klammerlauf mit Intervallbereichen', TRUE, FALSE, FALSE, TRUE, 'Klammern', 10, 15, '1 mal', 'Wir verteilen uns auf der Bahn, damit jeder mehr Klammern bekommt'),
  ('KoordinationsLeiter', 'Koordinationsleiter', FALSE, FALSE, TRUE, FALSE,'Koordinationsleiter', 10, 10, '', 'Die wartenden Kinder machen Standwagen'),
  ('LaufABC_01', 'Lauf ABC', FALSE, TRUE, FALSE, FALSE,'Hütchen', 10, 10, ' - ', 'Froschsprünge:Hopserlauf:Anversen:Knieheberlauf:Steps:Sprungläufe:Steigerung'),
  ('LaufABC_02', 'Lauf ABC', FALSE, TRUE, FALSE, FALSE,'Hütchen', 10, 10, ' - ', 'Hopserlauf:Seitgalopp:Seitkreuzschritte:Schlagläufe:Rückwärtslauf:Steigerung'),
  ('LaufABC_03', 'Lauf ABC', FALSE, TRUE, FALSE, FALSE,'Hütchen', 10, 10, ' - ', 'Hopserlauf:Anversen:Knieheberlauf:Schlagläufe:Auf einem Bein hüpfen und links 1 Kontakt, rechts 2 Kontakte:Steps:Steigerung'),
  ('LaufABC_04', 'Lauf ABC', FALSE, TRUE, FALSE, FALSE,'Hütchen', 10, 10, ' - ', 'Hopserlauf:Anversen:Knieheberlauf:Steps:Sprungläufe:Steigerung'),
  ('LaufABC_05', 'Lauf ABC', FALSE, TRUE, FALSE, FALSE,'Hütchen', 10, 10, ' - ', 'Hopserlauf:Anversen:Knieheberlauf:Skippings:Steps:Seitkreuzschritte:Steigerung'),
  ('LaufABC_06', 'Lauf ABC', FALSE, TRUE, FALSE, FALSE,'Hütchen', 10, 10, ' - ', 'Hopserlauf:Anversen:Knieheberlauf:Skippings:Steps:Seitgalopp:Steigerung'),
  ('LaufABC_07', 'Lauf ABC', FALSE, TRUE, FALSE, FALSE,'Hütchen', 10, 10, ' - ', 'Schlagläufe:Anversen:Skippings:Knieheberlauf:Steps:B Steps:Steigerung'),
  ('LaufABC_08', 'Lauf ABC', FALSE, TRUE, FALSE, FALSE,'Hütchen', 10, 10, ' - ', 'Hopserlauf:Anversen:Knieheberlauf:Skippings:Steps:Seitkreuzschritte:Seitgalopp:Steigerung'),
  ('LaufABC_09', 'Lauf ABC', FALSE, TRUE, FALSE, FALSE,'Hütchen', 10, 10, ' - ', 'Hopserlauf:Anversen:Schlagläufe:Auf einem Bein hüpfen und links 1 Kontakt, rechts 2 Kontakte:Steps:Steigerung'),
  ('LaufABC_10', 'Lauf ABC', FALSE, TRUE, FALSE, FALSE,'Hütchen', 10, 10, ' - ', 'Hopserlauf:Anversen:Knieheberlauf:Schlagläufe:Auf einem Bein hüpfen und links 1 Kontakt, rechts 2 Kontakte:Steps:Steigerung'),
  ('LaufABC_11', 'Lauf ABC', FALSE, TRUE, FALSE, FALSE,'Hütchen', 10, 10, ' - ', 'Hampelmannsprünge:Grätschsprünge:seitliche Sprünge:Einbeinsprünge:Sprung mit Anziehen der Knie:Einbeinsprünge mit Beinwechsel'),
  ('LaufABC_12', 'Lauf ABC', FALSE, TRUE, FALSE, FALSE,'Hütchen', 10, 10, ' - ', 'Froschsprünge:Hopserlauf über Hütchen:Anversen:Knieheberlauf:Steps:Sprungläufe:Steigerung'),
  ('LaufABC_13', 'Lauf ABC', FALSE, TRUE, FALSE, FALSE,'Hütchen', 10, 10, ' - ', 'Hopserlauf:Anversen:Knieheberlauf über Hütchen:Skippings über Hütchen:Seitkreuzschritte:Steigerung'),
  ('LaufABC_14', 'Lauf ABC', FALSE, TRUE, FALSE, FALSE,'Hütchen', 10, 10, ' - ', 'Hopserlauf:Anversen:Knieheber mit hohen Armen:Skippings:Steps:Seitgalopp mit Schwungarmen:Steigerung'),
  ('LaufABC_15', 'Lauf ABC', FALSE, TRUE, FALSE, FALSE,'Hütchen', 10, 10, ' - ', 'Schlagläufe:Anversen:Skippings mit hohen Armen:Knieheber mit hohen Armen:Steps:B Steps:Schubkarre:Steigerung'),
  ('LaufABC_16', 'Lauf ABC', FALSE, TRUE, FALSE, FALSE,'Hütchen', 10, 10, ' - ', 'Hopserlauf:Anversen:Knieheber mit hohen Armen:Skippings mit hohen Armen:Steps:Seitkreuzschritte:Steigerung'),
  ('LaufABC_17', 'Lauf ABC', FALSE, TRUE, FALSE, FALSE,'Hütchen', 10, 10, ' - ', 'Hopserlauf:Anversen:Knieheber mit hohen Armen:Skippings mit hohen Armen:Steps:Seitkreuzschritte:Schubkarre:Steigerung'),
  ('LaufABC_18', 'Lauf ABC', FALSE, TRUE, FALSE, FALSE,'Hütchen', 10, 10, ' - ', 'Schlagläufe:Anversen:Knieheber:Skippings:Steps:B Steps:Schubkarre:Steigerung'),
  ('LaufABC_19', 'Lauf ABC', FALSE, TRUE, FALSE, FALSE,'Hütchen', 10, 10, ' - ','Hopserlauf:Anversen:Knieheberlauf:Skippings:Steps:Seitkreuzschritte:Schubkarre:Steigerung'),
  ('LaufenZuMusik', 'Verschiedene Laufstile zur Musik', TRUE, FALSE, FALSE, FALSE,'Musik', 10, 10, '', 'Vorwärts:Rückwärts:Seitlich:Krabbeln:Hüpfen'),
  ('LäuferGegenWerfer', 'Läufer gegen Werfer im Kreis', FALSE, FALSE, TRUE, FALSE,'Ball, Hütchen', 10, 15, '',''),
  ('MattenbergHochkommen', 'Mattenberg und im Sitzen hochkommen', FALSE, FALSE, TRUE, FALSE,'Matte', 10, 10, '', ''),
  ('MattenbergRückenAufkommen', 'Mattenberg und mit dem Rücken aufkommen', FALSE, FALSE, TRUE, FALSE,'Matte', 10, 10, '', ''),
  ('MedibälleHinHerWerfen', 'Medibälle hin und her werfen', FALSE, FALSE, TRUE, FALSE,'Medibälle', 10, 10, '', ''),
  ('MitSeilFangen', 'Mit Seil fangen spielen', FALSE, FALSE, TRUE, FALSE,'Hütchen, Seil', 10, 10, '', ''),
  ('Nummernwettläufe', 'Nummernwettläufe', FALSE, FALSE, TRUE, FALSE,'Bananenkisten, Hütchen', 10, 15, '', 'Immer eine Nummer wird aufgerufen und darf laufen'),
  ('Pendelstaffel', 'Pendelstaffel', FALSE, FALSE, TRUE, FALSE,'Bloxx, Hütchen', 10, 10, '', ''),
  ('PendelstaffelMitBloxxHürden', 'Pendelstaffel mit Bloxx + Hürden', FALSE, FALSE, TRUE, FALSE,'Bloxx, Hürden', 10, 10, '', ''),
  ('PendelstaffelMitHürden', 'Pendelstaffel mit Hürden', FALSE, FALSE, TRUE, FALSE,'Hürden, Hütchen', 10, 10, '', ''),
  ('Reaktionsstart_01', 'Reaktionsstart aus verschiedenen Lagen mit Worten', FALSE, FALSE, TRUE, FALSE,'Hütchen', 10, 10, '', ''),
  ('Reaktionsstart_02', 'Reaktionsstart mit Bällen, die von hinten kommen', FALSE, FALSE, TRUE, FALSE,'Bälle, Hütchen', 10, 10, '', 'Die, die warten, machen 10 Kniebeugen'),
  ('Reaktionsstart_03', 'Reaktionsstarts mit Händen schlagen', FALSE, FALSE, TRUE, FALSE,'', 15, 15, '', ''),
  ('Reaktionsstart_04', 'Reaktionsstart aus verschiedenen Lagen mit Worten, mit hohen Armen sprinten', FALSE, FALSE, TRUE, FALSE,'Hütchen', 10, 10, '', ''),
  ('ReihenfolgeErarbeiten', 'Reihenfolge im Reifen erarbeiten', FALSE, FALSE, TRUE, FALSE,'Reifen', 10, 15, '', ''),
  ('ReiseNachJerusalemMitRingen', 'Reise nach Jerusalem mit Ringen', FALSE, FALSE, TRUE, TRUE, '', 15, 15, '', ''),
  ('Rundenstaffel', 'Rundenstaffel', FALSE, FALSE, FALSE, TRUE, 'Staffelhölzer', 15, 15, '1 mal', ''),
  ('SauDurchsDorf', 'Sau durchs Dorf', FALSE, FALSE, TRUE, FALSE,'Hütchen, Bälle, Medibälle', 10, 15, '', 'Mediball in Richtung anderer Gruppen werfen'),
  ('Schattenlaufen', 'Schattenlaufen', FALSE, FALSE, TRUE, FALSE,'', 10, 10, '', ''),
  ('SchereSteinPapier', 'Schere-Stein-Papier', FALSE, FALSE, FALSE, TRUE, '', 10, 15, 'je nach Rundengröße', 'Der Gewinner rennt eine kleine Bahn, der Verlierer eine große Bahn'),
  ('SchereSteinPapierRennen', 'Schere, Stein, Papier und Rennen', FALSE, FALSE, TRUE, FALSE,'Hütchen, Spielkarten', 10, 10, '', 'Verlierer macht 3 Situps'),
  ('SchersprungAufMatte', 'Im Schersprung auf die Matte', FALSE, FALSE, TRUE, TRUE, '', 10, 10, '', ''),
  ('SechsTageRennen', '6 Tage Rennen', FALSE, FALSE, FALSE, TRUE, 'Hütchen', 10, 15, '1 mal', ''),
  ('SeilDannRennen', 'Seil und dann losrennen', FALSE, FALSE, TRUE, FALSE,'Hütchen, Spielkarten (?)', 10, 10, '', 'Verlierer macht 3 Situps'),
  ('SeileRausziehen', 'Seile rausziehen', FALSE, FALSE, TRUE, FALSE,'Hütchen, Seile', 10, 10, '', 'Kinder ziehen sich die zusammengelegten Seile aus der Hose hinten raus'),
  ('Seilspringen', 'Seilspringen', FALSE, FALSE, TRUE, FALSE,'Sprungseile', 10, 10, '', ''),
  ('SeilspringenLangesSeil', 'Seilspringen langes Seil', FALSE, FALSE, TRUE, FALSE,'Langes Seil', 10, 10, '', ''),
  ('SeilspringenUndRunden', 'Seilspringen und Runden laufen', TRUE, FALSE, FALSE, FALSE,'Sprungseile', 5, 5, '2-3 Runden', ''),
  ('SpringenAmReifen', 'Springen am Reifen und Koordinationsleiter', FALSE, FALSE, TRUE, FALSE,'Reifen, Koordinationsleiter', 10, 15, '', ''),
  ('Stabweitsprung', 'Stabweitsprung in Sprunggrube mit oder ohne Bananenkisten', FALSE, FALSE, TRUE, FALSE,'Besen, Rechen, Reifen, (Bananenkisten)', 10, 10, '', 'Sprünge die Treppenstufen hoch  → jedes Kind nach dem Sprung auf dem Rückweg rechts:Sprünge 5x mal rein und raus aus dem Reifen:Aufteilen nach Stärke'),
  ('StaffelMitEinholen', 'Staffel mit Einholen', FALSE, FALSE, FALSE, TRUE, 'Hürden, Hütchen', 10, 15, '1 mal', 'Großes Feld'),
  ('Staffelrennen', 'Staffelrennen', FALSE, FALSE, TRUE, FALSE,'Hütchen', 10, 15, '', ''),
  ('StaffelrennenMitHürden', 'Staffelrennen mit Hürden', FALSE, FALSE, TRUE, FALSE,'Hürden, Hütchen', 10, 15, '', ''),
  ('StaffelrennenMitKarten', 'Staffelrennen mit Karten holen', FALSE, FALSE, TRUE, FALSE,'Hütchen, Spielkarten', 10, 15, '', ''),
  ('StaffelrennenMitTransport', 'Staffelrennen und Sachen hin und her tragen', FALSE, FALSE, TRUE, FALSE,'Boxen, Sachen zum Transport', 10, 15, '', ''),
  ('StartAusVerschPositionen', 'Start aus verschiedenen Positionen', FALSE, FALSE, TRUE, FALSE,'Hütchen', 10, 10, '', 'Die, die warten, machen 3 Liegestützen'),
  ('StarWars', 'Star Wars', FALSE, FALSE, TRUE, FALSE,'Bloxx oder Hütchen', 10, 10, '', ''),
  ('StationenMitWerfen', 'Stationen mit Werfen', FALSE, FALSE, TRUE, TRUE, '', 15, 15, '', ''),
  ('SteigesprüngeAufBahn', 'Steigesprünge auf der Bahn', FALSE, FALSE, TRUE, FALSE,'Bananenkisten, Hütchen', 10, 10, '', ''),
  ('SteigesprüngeÜberBahn', 'Steigesprünge über die Bahn', FALSE, FALSE, TRUE, FALSE,'Bananenkisten', 10, 10, '', ''),
  ('TheorieStaffelübergabe', 'Theorie Staffelübergabe', FALSE, FALSE, TRUE, FALSE,'Staffelhölzer', 10, 10, '', ''),
  ('TicTacToe', 'Tic Tac Toe', FALSE, FALSE, TRUE, TRUE, '', 15, 15, '', ''),
  ('Transportlauf_01', 'Transportlauf', TRUE, FALSE, FALSE, TRUE, 'Tennisbälle,Bananenkisten', 5, 15, '2-3 Runden', ''),
  ('Transportlauf_02', 'Transportlauf', TRUE, FALSE, FALSE, TRUE, 'Hütchen, etwas zu transportieren', 10, 15, '1 mal',''),
  ('Transportlauf_03', 'Transportlauf', TRUE, FALSE, FALSE, TRUE, 'Klammern', 10, 15, '1 mal', ''),
  ('TransportSprint', 'Transportsprint', FALSE, FALSE, TRUE, FALSE,'Hütchen, etwas zum Transportieren', 10, 15, '', ''),
  ('TransportSprintArme', 'Transportsprint mit Armen seitlich halten', FALSE, FALSE, TRUE, FALSE,'Hütchen, etwas zum Transportieren', 10, 10, '', ''),
  ('TransportSprintHürde', 'Transportsprint mit Hürden', FALSE, FALSE, TRUE, FALSE,'Hütchen, etwas zum Transportieren', 10, 10, '', ''),
  ('TurnenAufHochsprungMatte', 'Turnen auf der Hochsprungmatte', FALSE, FALSE, TRUE, FALSE,'Hochsprungmatte', 15, 15, '', 'Rollen, Räder'),
  ('TurnenAufMatte', 'Turnen auf der Matte', FALSE, FALSE, TRUE, FALSE,'Hütchen', 10, 10, 'Purzelbäume, Räder', '5 Sprünge hoch auf Sitzsteine'),
  ('ÜberBananenkistenSpringenInBahn', 'Über Bananenkisten springen in der Bahn', FALSE, FALSE, TRUE, TRUE, '', 10, 10, '', ''),
  ('ÜberBloxxLaufen', 'Über Bloxx laufen', FALSE, FALSE, TRUE, FALSE,'Bloxx, Hütchen', 10, 10, '', ''),
  ('Überholstaffel', 'Überholstaffel', FALSE, FALSE, FALSE, TRUE, ' - ', 5, 15, '2-3 Runden', 'Selbst mitlaufen bei schwacher Gruppe'),
  ('VerschiedeneStartformen', 'Verschiedene Startformen', FALSE, FALSE, TRUE, TRUE, '', 10, 10, '', ''),
  ('VonInselZuInselSpringenMitReifen', 'Von Insel zu Insel springen mit Reifen', FALSE, FALSE, TRUE, TRUE, '', 5, 5, '', ''),
  ('WeitsprungInGrube', 'Weitsprung in Sprunggrube ohne Bananenkisten', FALSE, FALSE, TRUE, FALSE,'Bananenkiste, Besen, Rechen, Reifen', 10, 10, '', 'Sprünge die Treppenstufen hoch → jedes Kind nach dem Sprung auf dem Rückweg rechts:Sprünge 5x mal rein und raus aus dem Reifen:Aufteilen nach Stärke'),
  ('WeitsprungInGrubeMitBananenKiste', 'Weitsprung in Sprunggrube mit Bananenkisten', FALSE, FALSE, TRUE, FALSE,'Bananenkiste, Besen, Rechen, Reifen', 10, 10, '','Sprünge die Treppenstufen hoch → jedes Kind nach dem Sprung auf dem Rückweg rechts:Sprünge 5x mal rein und raus aus dem Reifen:Aufteilen nach Stärke'),
  ('WerBautDenHöchstenTurm', 'Wer baut den höchsten Turm', FALSE, FALSE, TRUE, TRUE, '', 10, 10, '', ''),
  ('WerfenMitAnlauf', 'Werfen mit Anlauf, ggf. auch stoßen', FALSE, FALSE, TRUE, FALSE,'Alle werfbaren Gegenstände, Maßband, Hütchen, (Medibälle)', 15, 15, '', '3 Liegestützen oder Situps nach jedem Wurf:Medibälle, die durch die Beine wie eine 8 geführt werden müssen (5 Durchgänge)'),
  ('WerfenOhneAnlauf', 'Werfen ohne Anlauf,  ggf. auch stoßen', FALSE, FALSE, TRUE, FALSE,'Alle werfbaren Gegenstände, Maßband, Hütchen, (Medibälle)', 15, 15, '', '3 Liegestützen oder Situps nach jedem Wurf:Medibälle, die durch die Beine wie eine 8 geführt werden müssen (5 Durchgänge)'),
  ('WerTrifftDieSonne', 'Wer trifft die Sonne', FALSE, FALSE, TRUE, TRUE, '', 10, 10, '', ''),
  ('WerTrifftRollendenBall', 'Wer trifft den rollenden Ball', FALSE, FALSE, TRUE, FALSE,'Bälle, großer Ball', 15, 15, '', 'Zwei Kinder stehen sich immer gegenüber. Immer wenn ein Ball daneben geht machen beide Kinder 3 Liegestützen'),
  ('Zeitschätzlauf', 'Zeitschätzlauf', TRUE, FALSE, FALSE, TRUE, 'Hütchen', 10, 15, '2-3 Runden', ''),
  ('ZweiRundenRollbrett', '2 Runden mit Rollbrett', FALSE, FALSE, FALSE, TRUE, 'Rollbretter', 10, 10, '1 mal', 'Immer ein Kind sitzt drauf und das andere zieht'),
  ('Auslaufen', 'Auslaufen', FALSE, FALSE, FALSE, FALSE, '', 5, 5, '2 Runden', '');

-------------------------------------------------
CREATE TABLE la_planner.exercises_disciplines (
    exercise_id CHAR(40),
    discipline_id CHAR(30),
    created_at TIMESTAMP DEFAULT CURRENT_TIMESTAMP,
    PRIMARY KEY (exercise_id, discipline_id),
    FOREIGN KEY (exercise_id) REFERENCES la_planner.exercises(id) ON DELETE CASCADE,
    FOREIGN KEY (discipline_id) REFERENCES la_planner.disciplines(id) ON DELETE CASCADE);

INSERT INTO la_planner.exercises_disciplines (exercise_id, discipline_id) VALUES
  ('AchterInKurvenLaufen', 'Hochsprung'),
  ('AchterInKurvenLaufen', 'HochsprungOhneAnlage'),
  ('AnhängerAbhängerStaffel', 'Ausdauer'),
  ('AnhängerAbhängerStaffelHürde', 'Ausdauer'),
  ('AnhängerAbhängerStaffelHürde', 'Überlaufen'),
  ('Autofahren', 'Ausdauer'),
  ('BällePrellen', 'Wurf'),
  ('BällePrellenRennen', 'Wurf'),
  ('BallInReifenDopsen', 'Wurf'),
  ('BandKnotenHochspringen', 'Hochsprung'),
  ('BandKnotenHochspringen', 'HochsprungOhneAnlage'), 
  ('BandSchrägHochspringen', 'Hochsprung'),
  ('BandSchrägHochspringen', 'HochsprungOhneAnlage'),
  ('BeidbeinigeHürdensprünge', 'Ausdauer'),
  ('BeidbeinigeHürdensprünge', 'Überlaufen'),  
  ('BeiWortRennen', 'Schnelligkeit'),
  ('BeiWortRennen', 'Schnelllaufen'),
  ('Biathlon', 'Ausdauer'),
  ('Brennball', 'Schnelligkeit'),
  ('Brennball', 'Schnelllaufen'),
  ('Brennball', 'Wurf'),
  ('BundesligaSprint', 'Schnelligkeit'),
  ('BundesligaSprint', 'Schnelllaufen'),
  ('ChinesischeMauer', 'Schnelligkeit'),
  ('ChinesischeMauer', 'Schnelllaufen'),
  ('CrosslaufAufRasen', 'Ausdauer'),
  ('CrosslaufAufRasen', 'Koordination'),
  ('CrosslaufAufRasen', 'Überlaufen'),
  ('CrosslaufAufRasenIntervalle', 'Ausdauer'),
  ('CrosslaufAufRasenIntervalle', 'Koordination'),
  ('CrosslaufAufRasenIntervalle', 'Staffellauf'),
  ('CrosslaufAufRasenIntervalle', 'Überlaufen'),
  ('DerFuchsGehtUm', 'Schnelligkeit'),
  ('DerFuchsGehtUm', 'Schnelllaufen'),
  ('Doppelbett', 'Schnelligkeit'),
  ('Doppelbett', 'Schnelllaufen'),
  ('DurchReifenHüpfen', 'WeitsprungOhneGrube'),
  ('DurchReifenHüpfen', 'WeitsprungMitGrube'),
  ('EinlaufenBällePrellen', 'Wurf'),
  ('EinlaufenMitSprungseil', 'Hochsprung'),
  ('EinlaufenMitSprungseil', 'HochsprungOhneAnlage'),
  ('EinlaufenMitSprungseil', 'Schnelligkeit'),
  ('EinlaufenMitSprungseil', 'Schnelllaufen'),
  ('EinlaufenMitSprungseil', 'Wurf'),
  ('FCRunde', 'Ausdauer'),
  ('FormenAblaufen', 'Ausdauer'),
  ('FormenAblaufenAufRasen', 'Ausdauer'),
  ('GeradeNachHintenFallenLassen', 'Hochsprung'),
  ('GeradeNachHintenFallenLassen', 'HochsprungOhneAnlage'),
  ('HabichtUndHenne', 'Schnelligkeit'),
  ('HabichtUndHenne', 'Schnelllaufen'),
  ('HochsprungAnAnlage', 'Hochsprung'), 
  ('Hunderunde', 'Ausdauer'), 
  ('HüpfenderTausendfüßler', 'Stabweitsprung'), 
  ('HüpfenderTausendfüßler', 'WeitsprungOhneGrube'), 
  ('HüpfenderTausendfüßler', 'WeitsprungMitGrube'),
  ('Hürdenbahn', 'Überlaufen'), 
  ('HürdenbahnEinfach', 'Überlaufen'), 
  ('HürdenbahnMitSchwungbein', 'Überlaufen'), 
  ('HürdenbahnMitStaffel', 'Überlaufen'), 
  ('HürdenlaufenAnHand', 'Ausdauer'),
  ('HürdenlaufenAnHand', 'Koordination'),
  ('HütchenAbwerfen', 'Wurf'),
  ('Klammerlauf_01', 'Ausdauer'),
  ('Klammerlauf_02', 'Ausdauer'),
  ('Klammerlauf_03', 'Ausdauer'),
  ('KoordinationsLeiter', 'Ausdauer'),
  ('KoordinationsLeiter', 'Koordination'),
  ('KoordinationsLeiter', 'Staffellauf'),
  ('KoordinationsLeiter', 'Überlaufen'),
  ('LaufABC_01', 'Ausdauer'),
  ('LaufABC_01', 'Schnelligkeit'),
  ('LaufABC_01', 'Schnelllaufen'),
  ('LaufABC_01', 'WeitsprungOhneGrube'),
  ('LaufABC_01', 'WeitsprungMitGrube'),
  ('LaufABC_02', 'Ausdauer'),
  ('LaufABC_02', 'WeitsprungOhneGrube'),
  ('LaufABC_02', 'WeitsprungMitGrube'),
  ('LaufABC_02', 'Wurf'),
  ('LaufABC_03', 'Ausdauer'),
  ('LaufABC_03', 'WeitsprungOhneGrube'),
  ('LaufABC_03', 'WeitsprungMitGrube'),
  ('LaufABC_03', 'Wurf'),
  ('LaufABC_04', 'Ausdauer'),
  ('LaufABC_04', 'Hochsprung'),
  ('LaufABC_04', 'HochsprungOhneAnlage'),
  ('LaufABC_05', 'Ausdauer'),
  ('LaufABC_05', 'Hochsprung'),
  ('LaufABC_05', 'HochsprungOhneAnlage'),
  ('LaufABC_05', 'Schnelligkeit'),
  ('LaufABC_05', 'Schnelllaufen'),
  ('LaufABC_05', 'Überlaufen'),
  ('LaufABC_05', 'Wurf'),
  ('LaufABC_06', 'Hochsprung'),
  ('LaufABC_06', 'HochsprungOhneAnlage'),
  ('LaufABC_06', 'Schnelligkeit'),
  ('LaufABC_06', 'Schnelllaufen'),
  ('LaufABC_07', 'Ausdauer'),
  ('LaufABC_07', 'Hochsprung'),
  ('LaufABC_07', 'HochsprungOhneAnlage'),
  ('LaufABC_07', 'Schnelligkeit'),
  ('LaufABC_07', 'Schnelllaufen'),
  ('LaufABC_07', 'Überlaufen'),
  ('LaufABC_07', 'Wurf'),
  ('LaufABC_08', 'Schnelligkeit'),
  ('LaufABC_08', 'Schnelllaufen'),
  ('LaufABC_08', 'Überlaufen'),
  ('LaufABC_09', 'Schnelligkeit'),
  ('LaufABC_09', 'Schnelllaufen'),
  ('LaufABC_09', 'Wurf'),
  ('LaufABC_10', 'Überlaufen'),
  ('LaufABC_10', 'Wurf'),
  ('LaufABC_11', 'Ausdauer'),
  ('LaufABC_11', 'Koordination'),
  ('LaufABC_12', 'Ausdauer'),
  ('LaufABC_12', 'Stabweitsprung'),
  ('LaufABC_13', 'Ausdauer'),
  ('LaufABC_13', 'Koordination'),
  ('LaufABC_14', 'Hochsprung'),
  ('LaufABC_14', 'HochsprungOhneAnlage'),
  ('LaufABC_14', 'Schnelligkeit'),
  ('LaufABC_14', 'Schnelllaufen'),
  ('LaufABC_15', 'Schnelligkeit'),
  ('LaufABC_15', 'Schnelllaufen'),
  ('LaufABC_15', 'Wurf'),
  ('LaufABC_16', 'Ausdauer'),
  ('LaufABC_16', 'Überlaufen'),
  ('LaufABC_17', 'Ausdauer'),
  ('LaufABC_17', 'Überlaufen'), 
  ('LaufABC_18', 'Schnelligkeit'), 
  ('LaufABC_18', 'Schnelllaufen'),
  ('LaufABC_18', 'Staffellauf'),
  ('LaufABC_18', 'Wurf'),
  ('LaufABC_19', 'Schnelligkeit'),
  ('LaufABC_19', 'Schnelllaufen'),
  ('LaufABC_19', 'Überlaufen'),
  ('LaufenZuMusik', 'Ausdauer'),
  ('LaufenZuMusik', 'Koordination'),
  ('LäuferGegenWerfer', 'Ausdauer'),
  ('MattenbergHochkommen', 'Hochsprung'),
  ('MattenbergHochkommen', 'HochsprungOhneAnlage'),
  ('MattenbergRückenAufkommen', 'Hochsprung'),
  ('MattenbergRückenAufkommen', 'HochsprungOhneAnlage'),
  ('MedibälleHinHerWerfen', 'Ausdauer'),
  ('MedibälleHinHerWerfen', 'Überlaufen'),
  ('MitSeilFangen', 'HochsprungOhneAnlage'),
  ('MitSeilFangen', 'Wurf'),
  ('Nummernwettläufe', 'Ausdauer'),
  ('Nummernwettläufe', 'Koordination'),
  ('Pendelstaffel', 'Ausdauer'),
  ('Pendelstaffel', 'Hochsprung'),
  ('Pendelstaffel', 'HochsprungOhneAnlage'),
  ('Pendelstaffel', 'Schnelligkeit'),
  ('Pendelstaffel', 'Schnelllaufen'),
  ('Pendelstaffel', 'Wurf'),
  ('PendelstaffelMitBloxxHürden', 'Ausdauer'),
  ('PendelstaffelMitBloxxHürden', 'Koordination'),
  ('PendelstaffelMitHürden', 'Ausdauer'),
  ('PendelstaffelMitHürden', 'Staffellauf'),
  ('PendelstaffelMitHürden', 'Überlaufen'),
  ('PendelstaffelMitHürden', 'Wurf'),
  ('Reaktionsstart_01', 'Schnelligkeit'),
  ('Reaktionsstart_01', 'Schnelllaufen'),
  ('Reaktionsstart_02', 'Schnelligkeit'),
  ('Reaktionsstart_02', 'Schnelllaufen'),
  ('Reaktionsstart_03', 'Schnelligkeit'),
  ('Reaktionsstart_03', 'Schnelllaufen'), 
  ('Reaktionsstart_04', 'Schnelligkeit'), 
  ('Reaktionsstart_04', 'Schnelllaufen'), 
  ('ReihenfolgeErarbeiten', 'WeitsprungOhneGrube'), 
  ('ReihenfolgeErarbeiten', 'WeitsprungMitGrube'), 
  ('ReiseNachJerusalemMitRingen', 'Schnelligkeit'), 
  ('ReiseNachJerusalemMitRingen', 'Schnelllaufen'),
  ('Rundenstaffel', 'Staffellauf'), 
  ('SauDurchsDorf', 'Wurf'),
  ('Schattenlaufen', 'Ausdauer'),
  ('Schattenlaufen', 'Koordination'),
  ('SchereSteinPapier', 'Ausdauer'),
  ('SchereSteinPapierRennen', 'Schnelligkeit'),
  ('SchereSteinPapierRennen', 'Schnelllaufen'),
  ('SchersprungAufMatte', 'Hochsprung'),
  ('SchersprungAufMatte', 'HochsprungOhneAnlage'),
  ('SechsTageRennen', 'Ausdauer'),
  ('SeilDannRennen', 'Ausdauer'),
  ('SeilDannRennen', 'Koordination'),
  ('SeileRausziehen', 'Ausdauer'),
  ('SeileRausziehen', 'Koordination'),
  ('Seilspringen', 'Stabweitsprung'),
  ('Seilspringen', 'WeitsprungMitGrube'),
  ('Seilspringen', 'WeitsprungOhneGrube'),
  ('SeilspringenLangesSeil', 'Stabweitsprung'),
  ('SeilspringenLangesSeil', 'WeitsprungMitGrube'),
  ('SeilspringenLangesSeil', 'WeitsprungOhneGrube'),
  ('SeilspringenUndRunden', 'Stabweitsprung'),
  ('SeilspringenUndRunden', 'WeitsprungMitGrube'),
  ('SeilspringenUndRunden', 'WeitsprungOhneGrube'),
  ('SpringenAmReifen', 'Stabweitsprung'),
  ('SpringenAmReifen', 'WeitsprungMitGrube'),
  ('SpringenAmReifen', 'WeitsprungOhneGrube'),
  ('Stabweitsprung', 'Hochsprung'),
  ('Stabweitsprung', 'HochsprungOhneAnlage'),
  ('Stabweitsprung', 'Stabweitsprung'),
  ('Stabweitsprung', 'WeitsprungMitGrube'),
  ('Stabweitsprung', 'WeitsprungOhneGrube'),
  ('StaffelMitEinholen', 'Ausdauer'),
  ('StaffelMitEinholen', 'Koordination'),
  ('Staffelrennen', 'Schnelligkeit'),
  ('Staffelrennen', 'Schnelllaufen'),
  ('StaffelrennenMitHürden', 'Schnelligkeit'),
  ('StaffelrennenMitHürden', 'Schnelllaufen'),
  ('StaffelrennenMitKarten', 'Schnelligkeit'),
  ('StaffelrennenMitKarten', 'Schnelllaufen'),
  ('StaffelrennenMitTransport', 'Schnelligkeit'),
  ('StaffelrennenMitTransport', 'Schnelllaufen'),
  ('StartAusVerschPositionen', 'Schnelligkeit'),
  ('StartAusVerschPositionen', 'Schnelllaufen'),
  ('StarWars', 'Schnelligkeit'),
  ('StarWars', 'Schnelllaufen'),
  ('StationenMitWerfen', 'Wurf'),
  ('SteigesprüngeAufBahn', 'WeitsprungOhneGrube'),
  ('SteigesprüngeAufBahn', 'WeitsprungMitGrube'),
  ('SteigesprüngeÜberBahn', 'WeitsprungOhneGrube'),
  ('SteigesprüngeÜberBahn', 'WeitsprungMitGrube'),
  ('TheorieStaffelübergabe', 'Staffellauf'),
  ('TicTacToe', 'Schnelligkeit'),
  ('TicTacToe', 'Schnelllaufen'),
  ('Transportlauf_01', 'Ausdauer'),
  ('Transportlauf_02', 'Ausdauer'),
  ('Transportlauf_03', 'Ausdauer'),
  ('TransportSprint', 'Schnelligkeit'),
  ('TransportSprint', 'Schnelllaufen'),
  ('TransportSprint', 'Wurf'),
  ('TransportSprintArme', 'Schnelligkeit'),
  ('TransportSprintArme', 'Schnelllaufen'),
  ('TransportSprintArme', 'Wurf'),
  ('TransportSprintHürde', 'Überlaufen'),
  ('TransportSprintHürde', 'Wurf'),
  ('TurnenAufHochsprungMatte', 'Schnelligkeit'),
  ('TurnenAufHochsprungMatte', 'Schnelllaufen'),
  ('TurnenAufHochsprungMatte', 'Staffellauf'),
  ('TurnenAufHochsprungMatte', 'Wurf'),
  ('TurnenAufMatte', 'Hochsprung'),
  ('TurnenAufMatte', 'HochsprungOhneAnlage'),
  ('ÜberBananenkistenSpringenInBahn', 'WeitsprungOhneGrube'),
  ('ÜberBananenkistenSpringenInBahn', 'WeitsprungMitGrube'),
  ('ÜberBloxxLaufen', 'WeitsprungOhneGrube'),
  ('ÜberBloxxLaufen', 'WeitsprungMitGrube'),
  ('Überholstaffel', 'Ausdauer'),
  ('VerschiedeneStartformen', 'Schnelligkeit'),
  ('VerschiedeneStartformen', 'Schnelllaufen'),
  ('VonInselZuInselSpringenMitReifen', 'WeitsprungOhneGrube'),
  ('VonInselZuInselSpringenMitReifen', 'WeitsprungMitGrube'),
  ('WeitsprungInGrube', 'WeitsprungMitGrube'),
  ('WeitsprungInGrubeMitBananenKiste', 'WeitsprungMitGrube'),
  ('WerBautDenHöchstenTurm', 'Schnelligkeit'),
  ('WerBautDenHöchstenTurm', 'Schnelllaufen'),
  ('WerfenMitAnlauf', 'Wurf'),
  ('WerfenOhneAnlauf', 'Wurf'),
  ('WerTrifftDieSonne', 'Wurf'),
  ('WerTrifftRollendenBall', 'Schnelligkeit'),
  ('WerTrifftRollendenBall', 'Schnelllaufen'),
  ('WerTrifftRollendenBall', 'Wurf'),
  ('Zeitschätzlauf', 'Ausdauer'),
  ('ZweiRundenRollbrett', 'Hochsprung'),
  ('ZweiRundenRollbrett', 'HochsprungOhneAnlage'),
  ('ZweiRundenRollbrett', 'Schnelligkeit'),
  ('ZweiRundenRollbrett', 'Schnelllaufen'),
  ('ZweiRundenRollbrett', 'Staffellauf'),
  ('ZweiRundenRollbrett', 'Überlaufen'),
  ('ZweiRundenRollbrett', 'Wurf');

-------------------------------------------------
CREATE TABLE la_planner.favorite_headers (
    id SMALLINT PRIMARY KEY,
    created_by VARCHAR(100),
    created_at TIMESTAMP DEFAULT CURRENT_TIMESTAMP,
    description VARCHAR(255));

INSERT INTO la_planner.favorite_headers (id, created_by, created_at, description) VALUES
  ( 1, 'Anja', '2025-02-14 12:00:00', 'Beispielplan 1'),
  ( 2, 'Anja', '2025-02-14 12:00:00', 'Beispielplan 2'),
  ( 3, 'Anja', '2025-02-14 12:00:00', 'Beispielplan 3'),
  ( 4, 'Anja', '2025-02-14 12:00:00', 'Beispielplan 4'),
  ( 5, 'Anja', '2025-02-14 12:00:00', 'Beispielplan 5'),
  ( 6, 'Anja', '2025-02-14 12:00:00', 'Beispielplan 6'),
  ( 7, 'Anja', '2025-02-14 12:00:00', 'Beispielplan 7'),
  ( 8, 'Anja', '2025-02-14 12:00:00', 'Beispielplan 8'),
  ( 9, 'Anja', '2025-02-14 12:00:00', 'Beispielplan 9'),
  (10, 'Anja', '2025-02-14 12:00:00', 'Beispielplan 10'),
  (11, 'Anja', '2025-02-14 12:00:00', 'Beispielplan 11'),
  (12, 'Anja', '2025-02-14 12:00:00', 'Beispielplan 12'),
  (13, 'Anja', '2025-02-14 12:00:00', 'Beispielplan 13'),
  (14, 'Anja', '2025-02-14 12:00:00', 'Beispielplan 14'),
  (15, 'Anja', '2025-02-14 12:00:00', 'Beispielplan 15'),
  (16, 'Anja', '2025-02-14 12:00:00', 'Beispielplan 16'),
  (17, 'Anja', '2025-02-14 12:00:00', 'Beispielplan 17'),
  (18, 'Anja', '2025-02-14 12:00:00', 'Beispielplan 18'),
  (19, 'Anja', '2025-02-14 12:00:00', 'Beispielplan 19'),
  (20, 'Anja', '2025-02-14 12:00:00', 'Beispielplan 20'),
  (21, 'Anja', '2025-02-14 12:00:00', 'Beispielplan 21'),
  (22, 'Anja', '2025-02-14 12:00:00', 'Beispielplan 22'),
  (23, 'Anja', '2025-02-14 12:00:00', 'Beispielplan 23'),
  (24, 'Anja', '2025-02-14 12:00:00', 'Beispielplan 24'),
  (25, 'Anja', '2025-02-14 12:00:00', 'Beispielplan 25'),
  (26, 'Anja', '2025-02-14 12:00:00', 'Beispielplan 26'),
  (27, 'Anja', '2025-02-14 12:00:00', 'Beispielplan 27'),
  (28, 'Anja', '2025-02-14 12:00:00', 'Beispielplan 28'),
  (29, 'Anja', '2025-02-14 12:00:00', 'Beispielplan 29'),
  (30, 'Anja', '2025-02-14 12:00:00', 'Beispielplan 30'),
  (31, 'Anja', '2025-02-14 12:00:00', 'Beispielplan 31'),
  (32, 'Anja', '2025-02-14 12:00:00', 'Beispielplan 32'),
  (33, 'Anja', '2025-02-14 12:00:00', 'Beispielplan 33'),
  (34, 'Anja', '2025-02-14 12:00:00', 'Beispielplan 34'),
  (35, 'Anja', '2025-02-14 12:00:00', 'Beispielplan 35'),
  (36, 'Anja', '2025-02-14 12:00:00', 'Beispielplan 36'),
  (37, 'Anja', '2025-02-14 12:00:00', 'Beispielplan 37');

CREATE TABLE la_planner.favorite_disciplines(
    favorite_id SMALLINT,
    discipline_id CHAR(30),
    PRIMARY KEY (favorite_id, discipline_id),
    FOREIGN KEY (favorite_id) REFERENCES la_planner.favorite_headers(id) ON DELETE CASCADE,
    FOREIGN KEY (discipline_id) REFERENCES la_planner.disciplines(id) ON DELETE CASCADE);

INSERT INTO la_planner.favorite_disciplines (favorite_id, discipline_id) VALUES
  ( 1, 'Ausdauer'),
  ( 1, 'WeitsprungMitGrube'),
  ( 2, 'Ausdauer'),
  ( 2, 'WeitsprungMitGrube'),
  ( 3, 'Ausdauer'),
  ( 3, 'WeitsprungOhneGrube'),
  ( 3, 'Wurf'),
  ( 4, 'Ausdauer'),
  ( 4, 'WeitsprungOhneGrube'),
  ( 4, 'Wurf'),
  ( 5, 'Ausdauer'),
  ( 5, 'WeitsprungOhneGrube'),
  ( 5, 'Wurf'),
  ( 6, 'Ausdauer'),
  ( 6, 'WeitsprungOhneGrube'),
  ( 6, 'Wurf'),
  ( 7, 'Ausdauer'),
  ( 7, 'Wurf'),
  ( 8, 'Ausdauer'),
  ( 8, 'Hochsprung'), 
  ( 9, 'Ausdauer'),
  ( 9, 'Hochsprung'),
  (10, 'Schnelligkeit'),
  (10, 'Schnelllaufen'),
  (10, 'HochsprungOhneAnlage'),
  (11, 'Schnelligkeit'),
  (11, 'Schnelllaufen'),
  (11, 'HochsprungOhneAnlage'),
  (12, 'HochsprungOhneAnlage'),
  (12, 'Wurf'),
  (13, 'HochsprungOhneAnlage'),
  (13, 'Wurf'),
  (14, 'Ausdauer'),
  (14, 'Schnelligkeit'),
  (14, 'Schnelllaufen'),
  (15, 'Ausdauer'),
  (15, 'Schnelligkeit'),
  (15, 'Schnelllaufen'),
  (16, 'Schnelligkeit'),
  (16, 'Schnelllaufen'),
  (16, 'Überlaufen'),
  (17, 'Schnelligkeit'),
  (17, 'Schnelllaufen'),
  (17, 'Überlaufen'),
  (18, 'Schnelligkeit'),
  (18, 'Schnelllaufen'),
  (18, 'Wurf'),
  (19, 'Schnelligkeit'),
  (19, 'Schnelllaufen'),
  (19, 'Wurf'),
  (20, 'Ausdauer'),
  (20, 'Überlaufen'),
  (21, 'Ausdauer'),
  (21, 'Überlaufen'),
  (22, 'Überlaufen'),
  (22, 'Wurf'),
  (23, 'Überlaufen'),
  (23, 'Wurf'),
  (24, 'Ausdauer'),
  (24, 'Koordination'),
  (25, 'Ausdauer'),
  (25, 'Koordination'),
  (26, 'Ausdauer'),
  (26, 'Stabweitsprung'),
  (27, 'Ausdauer'),
  (27, 'Stabweitsprung'),
  (28, 'Ausdauer'),
  (28, 'Hochsprung'),
  (29, 'Ausdauer'),
  (29, 'Hochsprung'),
  (30, 'Ausdauer'),
  (30, 'Koordination'),
  (31, 'Hochsprung'),
  (31, 'Schnelligkeit'),
  (31, 'Schnelllaufen'),
  (32, 'Schnelligkeit'),
  (32, 'Schnelllaufen'),
  (32, 'Wurf'),
  (33, 'Ausdauer'),
  (33, 'Überlaufen'),
  (34, 'Ausdauer'),
  (34, 'Überlaufen'),
  (35, 'Schnelligkeit'),
  (35, 'Schnelllaufen'),
  (35, 'Wurf'),
  (36, 'Staffellauf'),
  (37, 'Staffellauf'),
  (37, 'Überlaufen');

CREATE TABLE la_planner.favorite_exercises (
    favorite_id SMALLINT,
    phase CHAR(6),
    position TINYINT,
    exercise_id CHAR(40) NOT NULL,
    duration TINYINT NOT NULL,
    PRIMARY KEY (favorite_id, phase, position),
    FOREIGN KEY (favorite_id) REFERENCES la_planner.favorite_headers(id) ON DELETE CASCADE,
    FOREIGN KEY (exercise_id) REFERENCES la_planner.exercises(id) ON DELETE CASCADE);

INSERT INTO la_planner.favorite_exercises (favorite_id, phase, position, exercise_id, duration) VALUES
  ( 1, 'warmup', 1, 'SeilspringenUndRunden', 5),
  ( 1, 'warmup', 2, 'LaufABC_01', 10),
  ( 1, 'mainex', 1, 'SeilspringenLangesSeil', 10),
  ( 1, 'mainex', 2, 'Seilspringen', 10),
  ( 1, 'mainex', 3, 'WeitsprungInGrubeMitBananenKiste', 10),
  ( 1, 'mainex', 4, 'WeitsprungInGrube', 10),
  ( 1, 'ending', 1, 'AnhängerAbhängerStaffel', 10),
  ( 1, 'ending', 2, 'Auslaufen', 5),
  ( 2, 'warmup', 1, 'SeilspringenUndRunden', 5),
  ( 2, 'warmup', 2, 'LaufABC_01', 10),
  ( 2, 'mainex', 1, 'HüpfenderTausendfüßler', 10),
  ( 2, 'mainex', 2, 'SteigesprüngeÜberBahn', 10),
  ( 2, 'mainex', 3, 'WeitsprungInGrubeMitBananenKiste', 10),
  ( 2, 'mainex', 4, 'WeitsprungInGrube', 10),
  ( 2, 'ending', 1, 'SechsTageRennen', 10),
  ( 2, 'ending', 2, 'Auslaufen', 5),
  ( 3, 'warmup', 1, 'Überholstaffel', 5),
  ( 3, 'warmup', 2, 'LaufABC_02', 10),
  ( 3, 'mainex', 1, 'SpringenAmReifen', 10),
  ( 3, 'mainex', 2, 'WerfenOhneAnlauf', 15),
  ( 3, 'mainex', 3, 'WerfenMitAnlauf', 15),
  ( 3, 'ending', 1, 'Zeitschätzlauf', 10),
  ( 3, 'ending', 2, 'Auslaufen', 5),
  ( 4, 'warmup', 1, 'Transportlauf_01', 5),
  ( 4, 'warmup', 2, 'LaufABC_02', 10),
  ( 4, 'mainex', 1, 'SteigesprüngeAufBahn', 10),
  ( 4, 'mainex', 2, 'WerfenOhneAnlauf', 15),
  ( 4, 'mainex', 3, 'WerfenMitAnlauf', 15),
  ( 4, 'ending', 1, 'Biathlon', 10),
  ( 4, 'ending', 2, 'Auslaufen', 5),
  ( 5, 'warmup', 1, 'Autofahren', 5),
  ( 5, 'warmup', 2, 'LaufABC_03', 10),
  ( 5, 'mainex', 1, 'ÜberBloxxLaufen', 10),
  ( 5, 'mainex', 2, 'WerfenOhneAnlauf', 15),
  ( 5, 'mainex', 3, 'WerfenMitAnlauf', 15),
  ( 5, 'ending', 1, 'Transportlauf_02', 10),
  ( 5, 'ending', 2, 'Auslaufen', 5),
  ( 6, 'warmup', 1, 'Überholstaffel', 5),
  ( 6, 'warmup', 2, 'LaufABC_03', 10),
  ( 6, 'mainex', 1, 'DurchReifenHüpfen', 10),
  ( 6, 'mainex', 2, 'WerfenOhneAnlauf', 15),
  ( 6, 'mainex', 3, 'WerfenMitAnlauf', 15),
  ( 6, 'ending', 1, 'Transportlauf_02', 10),
  ( 6, 'ending', 2, 'Auslaufen', 5),
  ( 7, 'warmup', 1, 'BällePrellen', 5),
  ( 7, 'warmup', 2, 'LaufABC_02', 10),
  ( 7, 'mainex', 1, 'Pendelstaffel', 10),
  ( 7, 'mainex', 2, 'SauDurchsDorf', 10),
  ( 7, 'mainex', 3, 'WerfenOhneAnlauf', 10),
  ( 7, 'mainex', 4, 'WerfenMitAnlauf', 10),
  ( 7, 'ending', 1, 'Biathlon', 10),
  ( 7, 'ending', 2, 'Auslaufen', 5),
  ( 8, 'warmup', 1, 'FormenAblaufenAufRasen', 10),
  ( 8, 'warmup', 2, 'LaufABC_04', 10),
  ( 8, 'mainex', 1, 'LäuferGegenWerfer', 10),
  ( 8, 'mainex', 2, 'BandKnotenHochspringen', 10),
  ( 8, 'mainex', 3, 'AchterInKurvenLaufen', 10),
  ( 8, 'mainex', 4, 'HochsprungAnAnlage', 10),
  ( 8, 'ending', 1, 'Klammerlauf_01', 10),
  ( 8, 'ending', 2, 'Auslaufen', 5),
  ( 9, 'warmup', 1, 'Autofahren', 15),
  ( 9, 'warmup', 2, 'LaufABC_04', 10),
  ( 9, 'mainex', 1, 'Staffelrennen', 10),
  ( 9, 'mainex', 2, 'BandSchrägHochspringen', 10),
  ( 9, 'mainex', 3, 'AchterInKurvenLaufen', 10),
  ( 9, 'mainex', 4, 'HochsprungAnAnlage', 10),
  ( 9, 'ending', 1, 'Transportlauf_03', 10),
  ( 9, 'ending', 2, 'Auslaufen', 5),
  (10, 'warmup', 1, 'EinlaufenMitSprungseil', 10),
  (10, 'warmup', 2, 'LaufABC_05', 10),
  (10, 'mainex', 1, 'StarWars', 10),
  (10, 'mainex', 2, 'Reaktionsstart_01', 10),
  (10, 'mainex', 3, 'Pendelstaffel', 10),
  (10, 'mainex', 4, 'BandSchrägHochspringen', 10),
  (10, 'ending', 1, 'ZweiRundenRollbrett', 10),
  (10, 'ending', 2, 'Auslaufen', 5),
  (11, 'warmup', 1, 'Klammerlauf_02', 10),
  (11, 'warmup', 2, 'LaufABC_06', 10),
  (11, 'mainex', 1, 'ChinesischeMauer', 10),
  (11, 'mainex', 2, 'Reaktionsstart_02', 10),
  (11, 'mainex', 3, 'StaffelrennenMitKarten', 10),
  (11, 'mainex', 4, 'BandSchrägHochspringen', 10),
  (11, 'ending', 1, 'SchereSteinPapier', 10),
  (11, 'ending', 2, 'Auslaufen', 5),
  (12, 'warmup', 1, 'EinlaufenMitSprungseil', 10),
  (12, 'warmup', 2, 'LaufABC_05', 10),
  (12, 'mainex', 1, 'MitSeilFangen', 10),
  (12, 'mainex', 2, 'BandSchrägHochspringen', 10),
  (12, 'mainex', 3, 'WerfenOhneAnlauf', 10),
  (12, 'mainex', 4, 'WerfenMitAnlauf', 10),
  (12, 'ending', 1, 'ZweiRundenRollbrett', 10),
  (12, 'ending', 2, 'Auslaufen', 5),
  (13, 'warmup', 1, 'EinlaufenBällePrellen', 10),
  (13, 'warmup', 2, 'LaufABC_07', 10),
  (13, 'mainex', 1, 'StaffelrennenMitTransport', 10),
  (13, 'mainex', 2, 'BandSchrägHochspringen', 10),
  (13, 'mainex', 3, 'WerfenOhneAnlauf', 10),
  (13, 'mainex', 4, 'WerfenMitAnlauf', 10),
  (13, 'ending', 1, 'Biathlon', 10),
  (13, 'ending', 2, 'Auslaufen', 5),
  (14, 'warmup', 1, 'Autofahren', 10),
  (14, 'warmup', 2, 'LaufABC_07', 10),
  (14, 'mainex', 1, 'StarWars', 10),
  (14, 'mainex', 2, 'StartAusVerschPositionen', 10),
  (14, 'mainex', 3, 'SchereSteinPapierRennen', 10),
  (14, 'mainex', 4, 'StaffelrennenMitKarten', 10),
  (14, 'ending', 1, 'SchereSteinPapier', 10),
  (14, 'ending', 2, 'Auslaufen', 5),
  (15, 'warmup', 1, 'Zeitschätzlauf', 10),
  (15, 'warmup', 2, 'LaufABC_01', 10),
  (15, 'mainex', 1, 'StarWars', 10),
  (15, 'mainex', 2, 'BeiWortRennen', 10),
  (15, 'mainex', 3, 'SeilDannRennen', 10),
  (15, 'mainex', 4, 'StaffelrennenMitHürden', 10),
  (15, 'ending', 1, 'FormenAblaufen', 10),
  (15, 'ending', 2, 'Auslaufen', 5),
  (16, 'warmup', 1, 'Überholstaffel', 10),
  (16, 'warmup', 2, 'LaufABC_05', 10),
  (16, 'mainex', 1, 'StarWars', 10),
  (16, 'mainex', 2, 'Hürdenbahn', 10),
  (16, 'mainex', 3, 'HürdenbahnMitSchwungbein', 10),
  (16, 'mainex', 4, 'Überholstaffel', 10),
  (16, 'ending', 1, 'ZweiRundenRollbrett', 10),
  (16, 'ending', 2, 'Auslaufen', 5),
  (17, 'warmup', 1, 'FormenAblaufen', 10),
  (17, 'warmup', 2, 'LaufABC_08', 10),
  (17, 'mainex', 1, 'Staffelrennen', 10),
  (17, 'mainex', 2, 'HürdenbahnEinfach', 10),
  (17, 'mainex', 3, 'HürdenbahnMitSchwungbein', 10),
  (17, 'mainex', 4, 'StaffelrennenMitHürden', 10),
  (17, 'ending', 1, 'SechsTageRennen', 10),
  (17, 'ending', 2, 'Auslaufen', 5),
  (18, 'warmup', 1, 'Autofahren', 10),
  (18, 'warmup', 2, 'LaufABC_09', 10),
  (18, 'mainex', 1, 'Pendelstaffel', 10),
  (18, 'mainex', 2, 'BallInReifenDopsen', 15),
  (18, 'mainex', 3, 'HütchenAbwerfen', 15),
  (18, 'ending', 1, 'Brennball', 10),
  (18, 'ending', 2, 'Auslaufen', 5),
  (19, 'warmup', 1, 'ZweiRundenRollbrett', 10),
  (19, 'warmup', 2, 'LaufABC_07', 10),
  (19, 'mainex', 1, 'TransportSprint', 10),
  (19, 'mainex', 2, 'WerTrifftRollendenBall', 15),
  (19, 'mainex', 3, 'SauDurchsDorf', 15),
  (19, 'mainex', 4, 'WerfenOhneAnlauf', 10),
  (19, 'ending', 1, 'Biathlon', 10),
  (19, 'ending', 2, 'Auslaufen', 5),
  (20, 'warmup', 1, 'CrosslaufAufRasen', 10),
  (20, 'warmup', 2, 'LaufABC_05', 10),
  (20, 'mainex', 1, 'PendelstaffelMitBloxxHürden', 10),
  (20, 'mainex', 2, 'KoordinationsLeiter', 10),
  (20, 'mainex', 3, 'HürdenbahnMitSchwungbein', 10),
  (20, 'mainex', 4, 'Überholstaffel', 10),
  (20, 'ending', 1, 'Klammerlauf_02', 10),
  (20, 'ending', 2, 'Auslaufen', 5),
  (21, 'warmup', 1, 'AnhängerAbhängerStaffelHürde', 10),
  (21, 'warmup', 2, 'LaufABC_05', 10),
  (21, 'mainex', 1, 'HürdenbahnMitStaffel', 10),
  (21, 'mainex', 2, 'ReihenfolgeErarbeiten', 10),
  (21, 'mainex', 3, 'HürdenbahnMitSchwungbein', 10),
  (21, 'mainex', 4, 'MedibälleHinHerWerfen', 10),
  (21, 'ending', 1, 'CrosslaufAufRasen', 10),
  (21, 'ending', 2, 'Auslaufen', 5),
  (22, 'warmup', 1, 'BällePrellenRennen', 5),
  (22, 'warmup', 2, 'LaufABC_10', 10),
  (22, 'mainex', 1, 'PendelstaffelMitHürden', 10),
  (22, 'mainex', 2, 'HürdenbahnMitSchwungbein', 10),
  (22, 'mainex', 3, 'WerfenOhneAnlauf', 10),
  (22, 'mainex', 4, 'WerfenMitAnlauf', 10),
  (22, 'ending', 1, 'Biathlon', 10),
  (22, 'ending', 2, 'Auslaufen', 5),
  (23, 'warmup', 1, 'ZweiRundenRollbrett', 10),
  (23, 'warmup', 2, 'LaufABC_07', 10),
  (23, 'mainex', 1, 'TransportSprintHürde', 10),
  (23, 'mainex', 2, 'HürdenbahnMitSchwungbein', 10),
  (23, 'mainex', 3, 'SauDurchsDorf', 15),
  (23, 'mainex', 4, 'WerfenOhneAnlauf', 10),
  (23, 'ending', 1, 'AnhängerAbhängerStaffelHürde', 10),
  (23, 'ending', 2, 'Auslaufen', 5),
  (24, 'warmup', 1, 'AnhängerAbhängerStaffelHürde', 10),
  (24, 'warmup', 2, 'LaufABC_05', 10),
  (24, 'mainex', 1, 'SeileRausziehen', 10),
  (24, 'mainex', 2, 'KoordinationsLeiter', 10),
  (24, 'mainex', 3, 'HürdenlaufenAnHand', 10),
  (24, 'mainex', 4, 'Schattenlaufen', 10),
  (24, 'ending', 1, 'CrosslaufAufRasen', 10),
  (24, 'ending', 2, 'Auslaufen', 5),
  (25, 'warmup', 1, 'LaufenZuMusik', 10),
  (25, 'warmup', 2, 'LaufABC_11', 10),
  (25, 'mainex', 1, 'SeileRausziehen', 10),
  (25, 'mainex', 2, 'KoordinationsLeiter', 10),
  (25, 'mainex', 3, 'Nummernwettläufe', 10),
  (25, 'mainex', 4, 'Schattenlaufen', 10),
  (25, 'ending', 1, 'StaffelMitEinholen', 10),
  (25, 'ending', 2, 'Auslaufen', 5),
  (26, 'warmup', 1, 'SeilspringenUndRunden', 5),
  (26, 'warmup', 2, 'LaufABC_12', 10),
  (26, 'mainex', 1, 'SeilspringenLangesSeil', 10),
  (26, 'mainex', 2, 'Seilspringen', 10),
  (26, 'mainex', 3, 'Stabweitsprung', 10),
  (26, 'mainex', 4, 'Stabweitsprung', 10),
  (26, 'ending', 1, 'AnhängerAbhängerStaffel', 10),
  (26, 'ending', 2, 'Auslaufen', 5),
  (27, 'warmup', 1, 'SeilspringenUndRunden', 5),
  (27, 'warmup', 2, 'LaufABC_12', 10),
  (27, 'mainex', 1, 'HüpfenderTausendfüßler', 10),
  (27, 'mainex', 2, 'SteigesprüngeÜberBahn', 10),
  (27, 'mainex', 3, 'Stabweitsprung', 10),
  (27, 'mainex', 4, 'Stabweitsprung', 10),
  (27, 'ending', 1, 'SechsTageRennen', 10),
  (27, 'ending', 2, 'Auslaufen', 5),
  (28, 'warmup', 1, 'FormenAblaufenAufRasen', 10),
  (28, 'warmup', 2, 'LaufABC_04', 10),
  (28, 'mainex', 1, 'LäuferGegenWerfer', 10),
  (28, 'mainex', 2, 'BandKnotenHochspringen', 10),
  (28, 'mainex', 3, 'AchterInKurvenLaufen', 10),
  (28, 'mainex', 4, 'HochsprungAnAnlage', 10),
  (28, 'ending', 1, 'Klammerlauf_03', 10),
  (28, 'ending', 2, 'Auslaufen', 5),
  (29, 'warmup', 1, 'FormenAblaufenAufRasen', 10),
  (29, 'warmup', 2, 'LaufABC_04', 10),
  (29, 'mainex', 1, 'LäuferGegenWerfer', 10),
  (29, 'mainex', 2, 'BandKnotenHochspringen', 10),
  (29, 'mainex', 3, 'TurnenAufMatte', 10),
  (29, 'mainex', 4, 'HochsprungAnAnlage', 10),
  (29, 'ending', 1, 'Klammerlauf_03', 10),
  (29, 'ending', 2, 'Auslaufen', 5),
  (30, 'warmup', 1, 'AnhängerAbhängerStaffelHürde', 10),
  (30, 'warmup', 2, 'LaufABC_13', 10),
  (30, 'mainex', 1, 'SeileRausziehen', 10),
  (30, 'mainex', 2, 'KoordinationsLeiter', 10),
  (30, 'mainex', 3, 'HürdenlaufenAnHand', 10),
  (30, 'mainex', 4, 'Schattenlaufen', 10),
  (30, 'ending', 1, 'CrosslaufAufRasenIntervalle', 10),
  (30, 'ending', 2, 'Auslaufen', 5),
  (31, 'warmup', 1, 'EinlaufenMitSprungseil', 10),
  (31, 'warmup', 2, 'LaufABC_14', 10),
  (31, 'mainex', 1, 'StarWars', 10),
  (31, 'mainex', 2, 'Reaktionsstart_03', 10),
  (31, 'mainex', 3, 'Pendelstaffel', 10),
  (31, 'mainex', 4, 'BandSchrägHochspringen', 10),
  (31, 'ending', 1, 'ZweiRundenRollbrett', 10),
  (31, 'ending', 2, 'Auslaufen', 5),
  (32, 'warmup', 1, 'ZweiRundenRollbrett', 10),
  (32, 'warmup', 2, 'LaufABC_15', 10),
  (32, 'mainex', 1, 'TransportSprintArme', 10),
  (32, 'mainex', 2, 'WerTrifftRollendenBall', 15),
  (32, 'mainex', 3, 'SauDurchsDorf', 15),
  (32, 'mainex', 4, 'WerfenOhneAnlauf', 10),
  (32, 'ending', 1, 'Biathlon', 10),
  (32, 'ending', 2, 'Auslaufen', 5),
  (33, 'warmup', 1, 'CrosslaufAufRasen', 10),
  (33, 'warmup', 2, 'LaufABC_16', 10),
  (33, 'mainex', 1, 'PendelstaffelMitHürden', 10),
  (33, 'mainex', 2, 'KoordinationsLeiter', 10),
  (33, 'mainex', 3, 'HürdenbahnMitSchwungbein', 10),
  (33, 'mainex', 4, 'Überholstaffel', 10),
  (33, 'ending', 1, 'Klammerlauf_03', 10),
  (33, 'ending', 2, 'Auslaufen', 5),
  (34, 'warmup', 1, 'CrosslaufAufRasen', 10),
  (34, 'warmup', 2, 'LaufABC_17', 10),
  (34, 'mainex', 1, 'PendelstaffelMitHürden', 10),
  (34, 'mainex', 2, 'BeidbeinigeHürdensprünge', 10),
  (34, 'mainex', 3, 'HürdenbahnMitSchwungbein', 10),
  (34, 'mainex', 4, 'Überholstaffel', 10),
  (34, 'ending', 1, 'Klammerlauf_03', 10),
  (34, 'ending', 2, 'Auslaufen', 5),
  (35, 'warmup', 1, 'ZweiRundenRollbrett', 10),
  (35, 'warmup', 2, 'LaufABC_18', 10),
  (35, 'mainex', 1, 'TransportSprint', 10),
  (35, 'mainex', 2, 'TurnenAufHochsprungMatte', 15),
  (35, 'mainex', 3, 'SauDurchsDorf', 15),
  (35, 'mainex', 4, 'WerfenOhneAnlauf', 10),
  (35, 'ending', 1, 'Biathlon', 10),
  (35, 'ending', 2, 'Auslaufen', 5),
  (36, 'warmup', 1, 'ZweiRundenRollbrett', 10),
  (36, 'warmup', 2, 'LaufABC_18', 10),
  (36, 'mainex', 1, 'TransportSprint', 15),
  (36, 'mainex', 2, 'TurnenAufHochsprungMatte', 15),
  (36, 'mainex', 3, 'TheorieStaffelübergabe', 10),
  (36, 'ending', 1, 'Rundenstaffel', 15),
  (36, 'ending', 2, 'Auslaufen', 5),
  (37, 'warmup', 1, 'CrosslaufAufRasenIntervalle', 10),
  (37, 'warmup', 2, 'LaufABC_19', 10),
  (37, 'mainex', 1, 'PendelstaffelMitHürden', 10),
  (37, 'mainex', 2, 'KoordinationsLeiter', 10),
  (37, 'mainex', 3, 'HürdenbahnMitSchwungbein', 10),
  (37, 'mainex', 4, 'TheorieStaffelübergabe', 10),
  (37, 'ending', 1, 'Rundenstaffel', 15),
  (37, 'ending', 2, 'Auslaufen', 5);